time,open,high,low,close,tick_volume,spread,real_volume
2025-08-07 01:15:00,115035.55,115059.09,115021.39,115025.79,344,980,0
2025-08-07 01:16:00,115025.72,115037.78,115019.18,115034.35,340,980,0
2025-08-07 01:17:00,115034.36,115043.89,115034.19,115042.15,294,980,0
2025-08-07 01:18:00,115042.17,115067.68,115041.64,115064.35,341,980,0
2025-08-07 01:19:00,115064.01,115104.81,115060.27,115092.22,361,980,0
2025-08-07 01:20:00,115092.51,115121.89,115082.53,115108.77,370,980,0
2025-08-07 01:21:00,115108.74,115132.78,115108.6,115129.52,378,980,0
2025-08-07 01:22:00,115129.27,115151.79,115121.56,115143.07,383,980,0
2025-08-07 01:23:00,115142.09,115186.55,115140.81,115181.84,399,980,0
2025-08-07 01:24:00,115181.84,115191.42,115171.34,115183.65,375,980,0
2025-08-07 01:25:00,115183.5,115184.56,115162.29,115178.09,403,980,0
2025-08-07 01:26:00,115177.87,115268.18,115175.58,115257.98,417,980,0
2025-08-07 01:27:00,115255.59,115313.73,115235.58,115300.41,386,980,0
2025-08-07 01:28:00,115302.19,115304.89,115239.37,115257.33,410,980,0
2025-08-07 01:29:00,115257.33,115272.58,115257.33,115259.05,422,980,0
2025-08-07 01:30:00,115255.46,115255.46,115193.58,115222.96,409,980,0
2025-08-07 01:31:00,115225.5,115316.2,115223.69,115302.8,401,980,0
2025-08-07 01:32:00,115302.88,115305.24,115268.11,115271.94,392,980,0
2025-08-07 01:33:00,115272.57,115282.18,115245.48,115249.4,400,980,0
2025-08-07 01:34:00,115249.29,115250.7,115184.44,115189.08,387,980,0
2025-08-07 01:35:00,115189.08,115193.42,115131.6,115149.41,436,980,0
2025-08-07 01:36:00,115148.26,115164.55,115119.82,115132.7,384,980,0
2025-08-07 01:37:00,115132.47,115152.2,115126.06,115143.19,375,980,0
2025-08-07 01:38:00,115143.31,115167.57,115143.31,115156.54,356,980,0
2025-08-07 01:39:00,115156.55,115176.6,115142.57,115174.54,375,980,0
2025-08-07 01:40:00,115174.77,115185.35,115154.9,115155.99,363,980,0
2025-08-07 01:41:00,115156.17,115162.16,115145.77,115145.77,392,980,0
2025-08-07 01:42:00,115145.77,115151.93,115116.24,115151.93,378,980,0
2025-08-07 01:43:00,115151.93,115157.94,115124.26,115135.63,349,980,0
2025-08-07 01:44:00,115135.97,115138.52,115119.94,115135.56,400,980,0
2025-08-07 01:45:00,115135.37,115137.08,115096.56,115115.86,401,980,0
2025-08-07 01:46:00,115115.78,115135.97,115106.08,115131.03,362,980,0
2025-08-07 01:47:00,115129.22,115132.41,115083.23,115087.19,360,980,0
2025-08-07 01:48:00,115085.2,115099.11,115061.27,115099.11,361,980,0
2025-08-07 01:49:00,115099.12,115101.25,115082.5,115101.25,371,980,0
2025-08-07 01:50:00,115101.27,115122.75,115066.41,115073.38,374,980,0
2025-08-07 01:51:00,115073.57,115075.77,115015.86,115020.29,417,980,0
2025-08-07 01:52:00,115020.29,115023.13,114985.08,115000.95,388,980,0
2025-08-07 01:53:00,115000.94,115002.94,114945.41,114970.37,385,980,0
2025-08-07 01:54:00,114970.35,114970.53,114933.13,114944.71,337,980,0
2025-08-07 01:55:00,114944.8,114945.29,114744.29,114760.71,450,980,0
2025-08-07 01:56:00,114759.54,114799.01,114684.14,114798.99,401,980,0
2025-08-07 01:57:00,114798.99,114845.89,114787.98,114837.55,398,980,0
2025-08-07 01:58:00,114837.54,114866.43,114809.64,114811.09,389,980,0
2025-08-07 01:59:00,114810.56,114891.0,114810.21,114869.31,338,980,0
2025-08-07 02:00:00,114870.28,114870.45,114812.3,114815.09,424,980,0
2025-08-07 02:01:00,114814.99,114848.69,114770.37,114813.39,412,980,0
2025-08-07 02:02:00,114812.61,114847.49,114804.5,114842.96,385,980,0
2025-08-07 02:03:00,114842.92,114848.59,114827.74,114837.75,376,980,0
2025-08-07 02:04:00,114837.75,114847.54,114796.89,114799.26,399,980,0
2025-08-07 02:05:00,114799.42,114800.81,114745.2,114771.34,385,980,0
2025-08-07 02:06:00,114771.51,114819.23,114770.52,114814.21,388,980,0
2025-08-07 02:07:00,114814.3,114917.41,114804.88,114905.56,435,980,0
2025-08-07 02:08:00,114902.04,114930.65,114877.58,114921.54,416,980,0
2025-08-07 02:09:00,114923.72,114956.06,114900.4,114918.66,394,980,0
2025-08-07 02:10:00,114918.18,114943.92,114915.65,114928.46,385,980,0
2025-08-07 02:11:00,114928.11,114931.93,114899.02,114900.99,390,980,0
2025-08-07 02:12:00,114899.99,114909.29,114884.27,114892.23,388,980,0
2025-08-07 02:13:00,114892.14,114922.83,114880.81,114918.65,347,980,0
2025-08-07 02:14:00,114918.39,114950.17,114915.9,114935.57,363,980,0
2025-08-07 02:15:00,114935.72,114947.07,114910.42,114941.94,399,980,0
2025-08-07 02:16:00,114941.6,114981.74,114939.6,114960.19,363,980,0
2025-08-07 02:17:00,114960.15,114965.54,114953.33,114957.89,375,980,0
2025-08-07 02:18:00,114957.88,114958.07,114928.19,114932.28,345,980,0
2025-08-07 02:19:00,114932.97,114947.3,114907.77,114946.94,344,980,0
2025-08-07 02:20:00,114946.75,114947.27,114909.41,114916.0,403,980,0
2025-08-07 02:21:00,114915.46,114916.25,114872.57,114887.24,370,980,0
2025-08-07 02:22:00,114887.11,114917.1,114865.5,114913.28,377,980,0
2025-08-07 02:23:00,114913.17,114913.93,114886.6,114891.53,363,980,0
2025-08-07 02:24:00,114892.4,114902.91,114864.54,114867.56,381,980,0
2025-08-07 02:25:00,114867.4,114875.19,114863.54,114864.79,411,980,0
2025-08-07 02:26:00,114864.58,114873.16,114861.59,114871.37,429,980,0
2025-08-07 02:27:00,114871.21,114873.0,114855.43,114870.94,373,980,0
2025-08-07 02:28:00,114871.01,114908.19,114869.79,114890.91,345,980,0
2025-08-07 02:29:00,114890.9,114906.16,114890.54,114895.19,327,980,0
2025-08-07 02:30:00,114894.89,114902.67,114865.9,114869.95,359,980,0
2025-08-07 02:31:00,114869.82,114870.03,114767.13,114799.07,385,980,0
2025-08-07 02:32:00,114799.07,114838.06,114792.94,114809.78,396,980,0
2025-08-07 02:33:00,114809.41,114835.33,114764.69,114828.76,375,980,0
2025-08-07 02:34:00,114829.08,114835.72,114824.87,114834.64,402,980,0
2025-08-07 02:35:00,114834.63,114881.17,114834.63,114872.94,394,980,0
2025-08-07 02:36:00,114872.61,114873.01,114810.37,114810.37,395,980,0
2025-08-07 02:37:00,114810.57,114829.66,114806.73,114823.91,385,980,0
2025-08-07 02:38:00,114823.88,114836.64,114802.71,114810.98,375,980,0
2025-08-07 02:39:00,114810.53,114811.22,114784.31,114790.63,383,980,0
2025-08-07 02:40:00,114790.37,114791.37,114755.78,114760.92,369,980,0
2025-08-07 02:41:00,114761.24,114780.79,114734.17,114743.47,401,980,0
2025-08-07 02:42:00,114743.46,114744.43,114711.97,114719.64,389,980,0
2025-08-07 02:43:00,114718.0,114722.85,114693.14,114704.49,396,980,0
2025-08-07 02:44:00,114704.72,114713.17,114675.45,114677.77,379,980,0
2025-08-07 02:45:00,114678.43,114685.68,114636.78,114645.4,401,980,0
2025-08-07 02:46:00,114645.22,114676.07,114644.73,114663.75,373,980,0
2025-08-07 02:47:00,114663.9,114686.96,114660.96,114667.51,357,980,0
2025-08-07 02:48:00,114667.48,114724.38,114664.19,114720.29,344,980,0
2025-08-07 02:49:00,114720.13,114721.24,114686.2,114693.75,355,980,0
2025-08-07 02:50:00,114693.94,114693.95,114648.65,114653.72,396,980,0
2025-08-07 02:51:00,114653.73,114665.07,114637.42,114640.41,383,980,0
2025-08-07 02:52:00,114642.51,114676.88,114635.98,114672.87,374,980,0
2025-08-07 02:53:00,114672.9,114673.86,114622.57,114622.58,368,980,0
2025-08-07 02:54:00,114632.29,114632.3,114473.27,114566.44,391,980,0
2025-08-07 02:55:00,114566.44,114659.18,114566.44,114642.74,343,980,0
2025-08-07 02:56:00,114642.71,114644.28,114604.22,114627.99,380,980,0
2025-08-07 02:57:00,114619.78,114648.23,114594.64,114644.69,371,980,0
2025-08-07 02:58:00,114644.82,114673.7,114640.48,114665.05,402,980,0
2025-08-07 02:59:00,114665.39,114673.04,114646.35,114646.35,379,980,0
2025-08-07 03:00:00,114645.48,114656.25,114632.61,114641.05,374,980,0
2025-08-07 03:01:00,114641.05,114651.46,114612.55,114620.95,375,980,0
2025-08-07 03:02:00,114620.56,114653.41,114617.69,114647.73,383,980,0
2025-08-07 03:03:00,114647.68,114656.14,114646.24,114650.56,383,980,0
2025-08-07 03:04:00,114650.6,114651.2,114575.18,114580.71,385,980,0
2025-08-07 03:05:00,114582.48,114622.05,114569.65,114596.05,363,980,0
2025-08-07 03:06:00,114596.05,114596.05,114578.69,114587.48,375,980,0
2025-08-07 03:07:00,114587.89,114592.01,114567.86,114590.05,378,980,0
2025-08-07 03:08:00,114589.96,114592.23,114548.73,114553.13,368,980,0
2025-08-07 03:09:00,114553.53,114588.28,114553.53,114570.93,380,980,0
2025-08-07 03:10:00,114570.38,114604.47,114559.27,114598.38,352,980,0
2025-08-07 03:11:00,114597.81,114614.76,114593.42,114597.23,357,980,0
2025-08-07 03:12:00,114597.27,114597.87,114548.09,114549.14,379,980,0
2025-08-07 03:13:00,114550.56,114555.97,114527.73,114537.45,396,980,0
2025-08-07 03:14:00,114537.41,114543.62,114519.16,114533.6,360,980,0
2025-08-07 03:15:00,114529.4,114565.29,114528.09,114548.01,357,980,0
2025-08-07 03:16:00,114548.01,114574.61,114547.37,114563.49,304,980,0
2025-08-07 03:17:00,114563.55,114570.8,114552.54,114570.8,339,980,0
2025-08-07 03:18:00,114570.35,114609.8,114551.93,114560.93,331,980,0
2025-08-07 03:19:00,114560.34,114563.76,114539.1,114539.71,391,980,0
2025-08-07 03:20:00,114541.68,114552.88,114510.53,114521.15,361,980,0
2025-08-07 03:21:00,114521.77,114565.12,114520.59,114560.74,326,980,0
2025-08-07 03:22:00,114561.23,114561.65,114467.92,114480.73,369,980,0
2025-08-07 03:23:00,114480.19,114547.68,114480.19,114544.83,351,980,0
2025-08-07 03:24:00,114544.53,114575.99,114531.93,114559.74,362,980,0
2025-08-07 03:25:00,114559.22,114582.12,114549.62,114570.9,358,980,0
2025-08-07 03:26:00,114573.56,114586.77,114559.64,114585.58,368,980,0
2025-08-07 03:27:00,114582.91,114605.09,114552.61,114580.48,344,980,0
2025-08-07 03:28:00,114580.45,114588.85,114557.61,114567.62,355,980,0
2025-08-07 03:29:00,114567.29,114607.58,114567.25,114605.26,341,980,0
2025-08-07 03:30:00,114605.29,114627.73,114595.44,114612.6,384,980,0
2025-08-07 03:31:00,114612.74,114621.38,114606.54,114615.9,370,980,0
2025-08-07 03:32:00,114615.65,114674.54,114615.25,114656.93,394,980,0
2025-08-07 03:33:00,114655.69,114679.05,114635.93,114651.87,378,980,0
2025-08-07 03:34:00,114652.83,114652.83,114606.01,114610.64,360,980,0
2025-08-07 03:35:00,114615.6,114632.22,114615.6,114629.67,368,980,0
2025-08-07 03:36:00,114629.99,114643.07,114614.71,114624.94,352,980,0
2025-08-07 03:37:00,114624.94,114639.98,114606.01,114639.98,347,980,0
2025-08-07 03:38:00,114640.02,114678.0,114636.83,114663.28,359,980,0
2025-08-07 03:39:00,114663.53,114676.98,114652.99,114655.0,382,980,0
2025-08-07 03:40:00,114654.98,114661.81,114632.75,114645.11,380,980,0
2025-08-07 03:41:00,114644.89,114652.93,114641.24,114648.89,339,980,0
2025-08-07 03:42:00,114649.41,114681.79,114647.32,114681.79,374,980,0
2025-08-07 03:43:00,114681.79,114681.79,114665.64,114676.91,376,980,0
2025-08-07 03:44:00,114676.58,114677.27,114645.54,114658.05,386,980,0
2025-08-07 03:45:00,114657.73,114668.82,114639.96,114643.4,369,980,0
2025-08-07 03:46:00,114643.83,114675.46,114641.67,114675.15,346,980,0
2025-08-07 03:47:00,114675.13,114707.26,114668.28,114703.58,364,980,0
2025-08-07 03:48:00,114703.46,114716.2,114696.0,114700.13,375,980,0
2025-08-07 03:49:00,114701.02,114708.93,114684.18,114684.18,352,980,0
2025-08-07 03:50:00,114684.17,114687.47,114667.78,114667.8,415,980,0
2025-08-07 03:51:00,114667.8,114674.9,114658.68,114663.27,419,980,0
2025-08-07 03:52:00,114662.76,114663.57,114644.84,114648.04,399,980,0
2025-08-07 03:53:00,114648.07,114655.45,114641.38,114643.95,383,980,0
2025-08-07 03:54:00,114644.04,114644.27,114626.87,114635.59,395,980,0
2025-08-07 03:55:00,114635.71,114641.56,114627.55,114641.24,405,980,0
2025-08-07 03:56:00,114641.5,114642.02,114619.37,114633.88,385,980,0
2025-08-07 03:57:00,114634.19,114634.3,114624.09,114625.64,407,980,0
2025-08-07 03:58:00,114625.64,114637.63,114621.25,114624.77,373,980,0
2025-08-07 03:59:00,114624.63,114651.28,114624.35,114639.47,380,980,0
2025-08-07 04:00:00,114639.5,114640.13,114612.64,114619.59,399,980,0
2025-08-07 04:01:00,114620.31,114624.54,114604.9,114613.89,378,980,0
2025-08-07 04:02:00,114609.85,114617.34,114589.79,114615.57,414,980,0
2025-08-07 04:03:00,114614.13,114644.48,114612.3,114641.67,357,980,0
2025-08-07 04:04:00,114642.06,114679.71,114640.28,114679.71,358,980,0
2025-08-07 04:05:00,114679.71,114722.0,114676.53,114719.15,357,980,0
2025-08-07 04:06:00,114718.96,114719.92,114693.5,114719.79,374,980,0
2025-08-07 04:07:00,114719.98,114725.45,114698.57,114706.92,349,980,0
2025-08-07 04:08:00,114702.0,114714.14,114690.2,114708.51,378,980,0
2025-08-07 04:09:00,114708.97,114756.39,114707.29,114750.97,389,980,0
2025-08-07 04:10:00,114754.97,114754.97,114717.72,114718.93,378,980,0
2025-08-07 04:11:00,114718.7,114719.34,114694.16,114696.78,402,980,0
2025-08-07 04:12:00,114697.35,114705.96,114694.4,114704.77,443,980,0
2025-08-07 04:13:00,114704.6,114704.99,114670.67,114674.2,408,980,0
2025-08-07 04:14:00,114673.07,114682.42,114656.9,114668.59,413,980,0
2025-08-07 04:15:00,114668.45,114669.55,114638.16,114657.05,393,980,0
2025-08-07 04:16:00,114656.63,114658.87,114633.24,114640.89,395,980,0
2025-08-07 04:17:00,114644.48,114647.36,114627.48,114629.07,400,980,0
2025-08-07 04:18:00,114628.46,114638.81,114627.74,114637.62,401,980,0
2025-08-07 04:19:00,114637.19,114638.28,114626.11,114629.81,401,980,0
2025-08-07 04:20:00,114629.95,114669.34,114629.66,114666.91,392,980,0
2025-08-07 04:21:00,114667.02,114689.47,114664.4,114686.45,375,980,0
2025-08-07 04:22:00,114686.46,114710.2,114685.48,114706.91,362,980,0
2025-08-07 04:23:00,114706.87,114708.64,114694.21,114705.05,396,980,0
2025-08-07 04:24:00,114705.24,114706.41,114667.52,114678.39,400,980,0
2025-08-07 04:25:00,114678.15,114678.59,114650.67,114666.69,424,980,0
2025-08-07 04:26:00,114666.49,114667.64,114651.42,114662.0,429,980,0
2025-08-07 04:27:00,114662.06,114664.34,114646.52,114652.68,439,980,0
2025-08-07 04:28:00,114652.87,114656.27,114644.18,114645.86,450,980,0
2025-08-07 04:29:00,114646.13,114650.09,114627.88,114635.14,413,980,0
2025-08-07 04:30:00,114635.12,114635.49,114606.27,114619.97,423,980,0
2025-08-07 04:31:00,114619.41,114620.89,114609.78,114619.3,410,980,0
2025-08-07 04:32:00,114619.24,114650.96,114579.85,114585.63,402,980,0
2025-08-07 04:33:00,114585.49,114596.42,114564.63,114580.0,400,980,0
2025-08-07 04:34:00,114580.46,114580.46,114533.84,114548.54,372,980,0
2025-08-07 04:35:00,114548.4,114551.4,114506.34,114513.91,385,980,0
2025-08-07 04:36:00,114513.92,114514.64,114491.19,114498.21,387,980,0
2025-08-07 04:37:00,114498.69,114499.21,114485.65,114488.77,385,980,0
2025-08-07 04:38:00,114488.13,114561.2,114485.57,114557.2,330,980,0
2025-08-07 04:39:00,114557.25,114557.25,114528.58,114529.1,351,980,0
2025-08-07 04:40:00,114528.5,114547.33,114518.2,114525.27,343,980,0
2025-08-07 04:41:00,114525.68,114527.07,114513.65,114519.57,371,980,0
2025-08-07 04:42:00,114520.82,114540.24,114510.75,114519.73,329,980,0
2025-08-07 04:43:00,114519.62,114540.36,114516.27,114534.48,334,980,0
2025-08-07 04:44:00,114534.04,114535.4,114523.33,114530.81,333,980,0
2025-08-07 04:45:00,114530.52,114531.01,114482.72,114493.09,387,980,0
2025-08-07 04:46:00,114492.57,114498.5,114486.39,114494.33,372,980,0
2025-08-07 04:47:00,114494.33,114526.5,114494.33,114508.91,326,980,0
2025-08-07 04:48:00,114508.93,114509.97,114505.49,114507.8,381,980,0
2025-08-07 04:49:00,114507.71,114509.68,114466.68,114466.68,360,980,0
2025-08-07 04:50:00,114466.68,114469.62,114384.09,114397.27,412,980,0
2025-08-07 04:51:00,114397.53,114433.7,114369.97,114407.09,375,980,0
2025-08-07 04:52:00,114407.02,114407.25,114353.48,114367.4,370,980,0
2025-08-07 04:53:00,114367.67,114395.08,114357.85,114388.54,363,980,0
2025-08-07 04:54:00,114388.97,114416.11,114361.62,114364.25,351,980,0
2025-08-07 04:55:00,114364.33,114367.56,114331.87,114340.4,392,980,0
2025-08-07 04:56:00,114341.2,114383.03,114335.58,114379.47,356,980,0
2025-08-07 04:57:00,114379.56,114408.52,114378.1,114402.1,365,980,0
2025-08-07 04:58:00,114402.27,114462.34,114396.52,114448.79,410,980,0
2025-08-07 04:59:00,114448.29,114464.25,114417.35,114431.47,347,980,0
2025-08-07 05:00:00,114432.39,114432.39,114390.7,114394.2,395,980,0
2025-08-07 05:01:00,114394.19,114418.06,114393.93,114395.84,370,980,0
2025-08-07 05:02:00,114396.18,114422.67,114381.13,114390.83,328,980,0
2025-08-07 05:03:00,114391.06,114391.75,114369.04,114379.06,330,980,0
2025-08-07 05:04:00,114379.33,114412.85,114369.83,114410.54,346,980,0
2025-08-07 05:05:00,114409.74,114432.87,114386.65,114386.8,322,980,0
2025-08-07 05:06:00,114386.8,114418.28,114374.84,114376.34,346,980,0
2025-08-07 05:07:00,114377.35,114401.88,114363.98,114364.59,369,980,0
2025-08-07 05:08:00,114363.98,114372.59,114359.65,114368.33,369,980,0
2025-08-07 05:09:00,114367.64,114391.81,114337.05,114389.26,359,980,0
2025-08-07 05:10:00,114389.45,114433.12,114389.2,114420.53,363,980,0
2025-08-07 05:11:00,114420.14,114424.76,114397.15,114417.23,341,980,0
2025-08-07 05:12:00,114417.33,114448.66,114410.72,114435.3,354,980,0
2025-08-07 05:13:00,114435.63,114442.85,114416.16,114416.16,341,980,0
2025-08-07 05:14:00,114415.93,114436.37,114411.63,114430.46,360,980,0
2025-08-07 05:15:00,114430.58,114434.72,114419.14,114430.29,360,980,0
2025-08-07 05:16:00,114430.05,114445.45,114423.72,114439.68,356,980,0
2025-08-07 05:17:00,114439.14,114447.18,114436.81,114441.78,393,980,0
2025-08-07 05:18:00,114441.41,114462.63,114440.69,114444.38,345,980,0
2025-08-07 05:19:00,114443.5,114444.84,114433.88,114444.55,389,980,0
2025-08-07 05:20:00,114444.86,114559.77,114444.15,114552.47,368,980,0
2025-08-07 05:21:00,114552.63,114566.7,114518.64,114538.84,374,980,0
2025-08-07 05:22:00,114531.42,114531.42,114515.85,114520.74,364,980,0
2025-08-07 05:23:00,114520.93,114601.69,114494.63,114596.15,416,980,0
2025-08-07 05:24:00,114596.82,114599.96,114550.94,114557.86,351,980,0
2025-08-07 05:25:00,114559.48,114566.08,114516.57,114531.06,431,980,0
2025-08-07 05:26:00,114531.1,114533.41,114491.49,114506.76,430,980,0
2025-08-07 05:27:00,114507.03,114564.7,114501.06,114549.32,381,980,0
2025-08-07 05:28:00,114549.38,114551.25,114531.11,114542.22,393,980,0
2025-08-07 05:29:00,114542.59,114543.48,114532.59,114535.22,378,980,0
2025-08-07 05:30:00,114535.16,114599.87,114532.73,114594.48,408,980,0
2025-08-07 05:31:00,114594.48,114614.72,114589.28,114605.32,382,980,0
2025-08-07 05:32:00,114605.37,114619.91,114581.6,114584.73,366,980,0
2025-08-07 05:33:00,114584.36,114598.02,114561.08,114579.23,390,980,0
2025-08-07 05:34:00,114579.18,114586.22,114556.37,114561.42,413,980,0
2025-08-07 05:35:00,114563.91,114588.95,114558.52,114558.82,406,980,0
2025-08-07 05:36:00,114558.8,114584.95,114558.43,114584.38,370,980,0
2025-08-07 05:37:00,114584.28,114604.61,114554.98,114592.43,322,980,0
2025-08-07 05:38:00,114592.46,114630.86,114588.17,114590.07,372,980,0
2025-08-07 05:39:00,114589.95,114600.83,114577.67,114582.01,347,980,0
2025-08-07 05:40:00,114580.73,114591.92,114568.73,114578.19,359,980,0
2025-08-07 05:41:00,114578.1,114578.55,114560.41,114567.93,345,980,0
2025-08-07 05:42:00,114567.14,114592.32,114565.26,114586.14,369,980,0
2025-08-07 05:43:00,114586.0,114595.27,114576.61,114591.86,367,980,0
2025-08-07 05:44:00,114590.49,114630.01,114585.47,114618.13,372,980,0
2025-08-07 05:45:00,114617.34,114621.37,114576.68,114599.76,362,980,0
2025-08-07 05:46:00,114599.8,114622.33,114598.77,114616.75,344,980,0
2025-08-07 05:47:00,114616.24,114654.41,114586.94,114652.37,398,980,0
2025-08-07 05:48:00,114652.39,114653.02,114600.57,114609.39,405,980,0
2025-08-07 05:49:00,114609.52,114647.63,114588.35,114640.59,362,980,0
2025-08-07 05:50:00,114641.44,114643.93,114590.38,114595.07,361,980,0
2025-08-07 05:51:00,114593.03,114604.21,114574.42,114581.25,342,980,0
2025-08-07 05:52:00,114580.86,114589.83,114553.69,114553.69,351,980,0
2025-08-07 05:53:00,114550.19,114579.87,114541.79,114574.55,398,980,0
2025-08-07 05:54:00,114577.21,114611.16,114577.21,114596.82,341,980,0
2025-08-07 05:55:00,114596.83,114610.18,114583.91,114605.05,386,980,0
2025-08-07 05:56:00,114606.15,114640.26,114584.86,114630.0,382,980,0
2025-08-07 05:57:00,114627.42,114655.17,114594.44,114596.32,367,980,0
2025-08-07 05:58:00,114595.76,114635.44,114594.65,114631.66,358,980,0
2025-08-07 05:59:00,114631.36,114663.91,114612.27,114657.02,396,980,0
2025-08-07 06:00:00,114658.24,114665.25,114620.75,114623.14,366,980,0
2025-08-07 06:01:00,114623.1,114640.85,114614.34,114639.27,367,980,0
2025-08-07 06:02:00,114640.01,114698.39,114630.38,114691.56,379,980,0
2025-08-07 06:03:00,114690.15,114716.18,114678.67,114710.18,374,980,0
2025-08-07 06:04:00,114709.68,114736.12,114680.83,114690.27,401,980,0
2025-08-07 06:05:00,114689.3,114691.55,114662.34,114672.25,403,980,0
2025-08-07 06:06:00,114669.01,114680.57,114637.19,114663.53,410,980,0
2025-08-07 06:07:00,114663.52,114716.74,114662.76,114701.46,400,980,0
2025-08-07 06:08:00,114701.46,114734.64,114701.41,114725.18,374,980,0
2025-08-07 06:09:00,114725.28,114752.08,114724.76,114735.88,411,980,0
2025-08-07 06:10:00,114735.88,114735.88,114687.93,114719.09,422,980,0
2025-08-07 06:11:00,114719.68,114756.04,114719.22,114745.7,392,980,0
2025-08-07 06:12:00,114745.69,114814.03,114733.06,114735.78,403,980,0
2025-08-07 06:13:00,114735.61,114787.37,114732.55,114782.76,387,980,0
2025-08-07 06:14:00,114783.96,114784.1,114743.83,114747.4,395,980,0
2025-08-07 06:15:00,114747.41,114757.33,114673.16,114704.22,390,980,0
2025-08-07 06:16:00,114704.22,114747.72,114679.53,114735.02,371,980,0
2025-08-07 06:17:00,114734.98,114766.27,114726.9,114760.18,388,980,0
2025-08-07 06:18:00,114761.62,114773.23,114752.97,114754.42,395,980,0
2025-08-07 06:19:00,114754.42,114773.9,114751.27,114762.85,373,980,0
2025-08-07 06:20:00,114765.09,114766.98,114690.71,114690.71,420,980,0
2025-08-07 06:21:00,114690.06,114722.24,114658.28,114697.85,379,980,0
2025-08-07 06:22:00,114697.62,114720.41,114697.1,114709.72,383,980,0
2025-08-07 06:23:00,114709.85,114739.32,114699.38,114739.32,371,980,0
2025-08-07 06:24:00,114739.32,114743.61,114706.68,114732.42,364,980,0
2025-08-07 06:25:00,114732.09,114739.24,114683.36,114689.16,339,980,0
2025-08-07 06:26:00,114688.98,114695.36,114684.38,114692.19,359,980,0
2025-08-07 06:27:00,114692.43,114695.64,114664.63,114669.32,399,980,0
2025-08-07 06:28:00,114667.26,114676.22,114639.62,114650.92,384,980,0
2025-08-07 06:29:00,114651.33,114657.43,114634.03,114639.59,397,980,0
2025-08-07 06:30:00,114636.69,114675.74,114615.15,114625.19,390,980,0
2025-08-07 06:31:00,114623.46,114624.57,114576.24,114617.42,413,980,0
2025-08-07 06:32:00,114617.26,114635.57,114606.44,114634.12,381,980,0
2025-08-07 06:33:00,114634.06,114672.84,114632.69,114657.85,343,980,0
2025-08-07 06:34:00,114657.93,114675.79,114657.34,114664.75,376,980,0
2025-08-07 06:35:00,114664.77,114673.58,114612.87,114615.81,389,980,0
2025-08-07 06:36:00,114616.04,114646.07,114615.37,114645.07,394,980,0
2025-08-07 06:37:00,114644.81,114645.51,114626.15,114632.2,403,980,0
2025-08-07 06:38:00,114632.43,114649.3,114632.43,114639.17,405,980,0
2025-08-07 06:39:00,114639.03,114650.08,114637.0,114645.44,407,980,0
2025-08-07 06:40:00,114645.11,114671.85,114636.11,114666.27,395,980,0
2025-08-07 06:41:00,114667.29,114669.76,114665.25,114667.8,417,980,0
2025-08-07 06:42:00,114667.81,114682.46,114651.29,114661.17,344,980,0
2025-08-07 06:43:00,114661.08,114663.21,114651.03,114662.42,366,980,0
2025-08-07 06:44:00,114662.36,114680.25,114661.12,114676.54,347,980,0
2025-08-07 06:45:00,114677.04,114783.62,114676.24,114781.38,408,980,0
2025-08-07 06:46:00,114779.5,114779.5,114703.49,114763.03,373,980,0
2025-08-07 06:47:00,114763.03,114871.77,114763.03,114824.34,421,980,0
2025-08-07 06:48:00,114828.69,114892.44,114816.13,114817.77,404,980,0
2025-08-07 06:49:00,114818.32,114857.13,114818.31,114837.3,388,980,0
2025-08-07 06:50:00,114837.88,114860.03,114808.26,114810.04,375,980,0
2025-08-07 06:51:00,114811.64,114848.66,114810.35,114810.35,374,980,0
2025-08-07 06:52:00,114810.35,114813.53,114797.04,114808.87,423,980,0
2025-08-07 06:53:00,114811.17,114835.34,114789.67,114835.26,407,980,0
2025-08-07 06:54:00,114834.92,114834.92,114793.22,114797.66,375,980,0
2025-08-07 06:55:00,114798.28,114802.46,114755.4,114762.2,412,980,0
2025-08-07 06:56:00,114761.59,114762.66,114744.84,114750.15,427,980,0
2025-08-07 06:57:00,114750.51,114788.57,114744.92,114766.2,380,980,0
2025-08-07 06:58:00,114766.76,114773.66,114737.55,114748.12,376,980,0
2025-08-07 06:59:00,114748.36,114750.7,114739.94,114750.02,404,980,0
2025-08-07 07:00:00,114750.13,114759.15,114726.4,114753.4,384,980,0
2025-08-07 07:01:00,114753.3,114799.27,114751.96,114798.51,368,980,0
2025-08-07 07:02:00,114798.51,114850.62,114794.22,114839.09,394,980,0
2025-08-07 07:03:00,114839.19,114862.64,114839.19,114854.58,401,980,0
2025-08-07 07:04:00,114856.74,114877.24,114841.44,114874.49,392,980,0
2025-08-07 07:05:00,114874.71,114879.51,114820.92,114821.51,413,980,0
2025-08-07 07:06:00,114822.45,114840.63,114821.08,114837.43,419,980,0
2025-08-07 07:07:00,114837.55,114863.32,114833.5,114851.83,397,980,0
2025-08-07 07:08:00,114852.06,114861.09,114839.42,114851.9,375,980,0
2025-08-07 07:09:00,114851.27,114892.65,114840.52,114889.04,370,980,0
2025-08-07 07:10:00,114889.45,114889.45,114844.43,114849.56,408,980,0
2025-08-07 07:11:00,114849.68,114858.87,114838.65,114840.43,406,980,0
2025-08-07 07:12:00,114840.39,114882.06,114840.04,114860.13,374,980,0
2025-08-07 07:13:00,114860.24,114881.24,114845.0,114871.08,406,980,0
2025-08-07 07:14:00,114872.25,114899.03,114870.03,114888.65,377,980,0
2025-08-07 07:15:00,114887.93,114890.31,114850.65,114860.73,371,980,0
2025-08-07 07:16:00,114859.22,114899.07,114858.61,114886.11,379,980,0
2025-08-07 07:17:00,114885.93,114893.83,114853.04,114858.13,377,980,0
2025-08-07 07:18:00,114857.71,114925.17,114853.17,114910.53,408,980,0
2025-08-07 07:19:00,114909.92,114922.05,114908.55,114918.59,404,980,0
2025-08-07 07:20:00,114918.73,114920.89,114885.87,114900.69,376,980,0
2025-08-07 07:21:00,114901.01,114909.6,114884.15,114892.76,378,980,0
2025-08-07 07:22:00,114892.98,114992.15,114891.92,114931.18,403,980,0
2025-08-07 07:23:00,114930.36,114991.77,114928.42,114964.34,392,980,0
2025-08-07 07:24:00,114964.21,114979.65,114960.29,114961.43,382,980,0
2025-08-07 07:25:00,114961.49,114970.73,114907.99,114912.95,364,980,0
2025-08-07 07:26:00,114912.65,114930.0,114870.3,114930.0,386,980,0
2025-08-07 07:27:00,114930.45,114930.85,114895.43,114915.1,382,980,0
2025-08-07 07:28:00,114914.71,114939.06,114905.9,114932.32,378,980,0
2025-08-07 07:29:00,114932.15,114939.04,114930.22,114931.78,362,980,0
2025-08-07 07:30:00,114932.12,114938.35,114926.71,114929.3,387,980,0
2025-08-07 07:31:00,114929.06,114931.48,114907.37,114910.7,383,980,0
2025-08-07 07:32:00,114910.68,114921.38,114899.51,114921.38,366,980,0
2025-08-07 07:33:00,114921.5,114958.3,114911.66,114927.67,343,980,0
2025-08-07 07:34:00,114927.95,114928.82,114880.9,114892.35,364,980,0
2025-08-07 07:35:00,114890.85,114892.81,114853.56,114855.94,391,980,0
2025-08-07 07:36:00,114855.45,114868.83,114855.12,114857.54,388,980,0
2025-08-07 07:37:00,114857.5,114902.94,114857.5,114892.23,380,980,0
2025-08-07 07:38:00,114892.06,114892.06,114856.56,114862.15,379,980,0
2025-08-07 07:39:00,114862.32,114873.23,114860.46,114864.6,401,980,0
2025-08-07 07:40:00,114864.98,114906.29,114864.76,114892.45,387,980,0
2025-08-07 07:41:00,114892.84,114896.02,114864.97,114879.28,382,980,0
2025-08-07 07:42:00,114879.14,114879.14,114857.83,114860.36,370,980,0
2025-08-07 07:43:00,114860.25,114861.44,114836.64,114838.78,383,980,0
2025-08-07 07:44:00,114838.11,114844.21,114836.12,114837.46,377,980,0
2025-08-07 07:45:00,114837.21,114857.27,114835.47,114845.72,396,980,0
2025-08-07 07:46:00,114845.67,114882.99,114844.81,114878.95,381,980,0
2025-08-07 07:47:00,114878.82,114905.07,114859.9,114859.9,379,980,0
2025-08-07 07:48:00,114860.38,114888.45,114860.28,114873.53,372,980,0
2025-08-07 07:49:00,114872.7,114881.19,114850.66,114857.6,373,980,0
2025-08-07 07:50:00,114856.92,114881.25,114850.3,114873.21,382,980,0
2025-08-07 07:51:00,114873.12,114900.95,114873.03,114889.15,352,980,0
2025-08-07 07:52:00,114889.62,114903.04,114887.91,114893.78,382,980,0
2025-08-07 07:53:00,114893.96,114900.51,114853.9,114856.96,405,980,0
2025-08-07 07:54:00,114856.87,114887.54,114856.39,114879.65,385,980,0
2025-08-07 07:55:00,114879.67,114902.15,114870.81,114871.54,372,980,0
2025-08-07 07:56:00,114870.8,114891.92,114868.54,114881.75,366,980,0
2025-08-07 07:57:00,114881.64,114895.27,114878.74,114882.2,366,980,0
2025-08-07 07:58:00,114882.19,114889.31,114877.99,114887.93,367,980,0
2025-08-07 07:59:00,114887.93,114900.44,114878.36,114900.44,371,980,0
2025-08-07 08:00:00,114900.44,114926.71,114882.87,114919.05,372,980,0
2025-08-07 08:01:00,114919.06,114974.61,114917.42,114972.61,409,980,0
2025-08-07 08:02:00,114972.46,115094.78,114961.92,115076.16,425,980,0
2025-08-07 08:03:00,115076.07,115109.21,115053.22,115058.9,416,980,0
2025-08-07 08:04:00,115059.87,115123.61,115042.36,115097.0,399,980,0
2025-08-07 08:05:00,115096.53,115098.64,115028.35,115031.04,417,980,0
2025-08-07 08:06:00,115031.04,115064.96,115000.26,115019.66,385,980,0
2025-08-07 08:07:00,115019.59,115050.73,114998.58,115049.16,412,980,0
2025-08-07 08:08:00,115051.11,115094.61,115040.92,115093.07,387,980,0
2025-08-07 08:09:00,115093.74,115095.15,115032.18,115045.52,412,980,0
2025-08-07 08:10:00,115045.61,115089.42,115036.73,115076.93,379,980,0
2025-08-07 08:11:00,115077.07,115079.9,115051.42,115054.25,374,980,0
2025-08-07 08:12:00,115054.45,115057.83,115023.45,115036.82,375,980,0
2025-08-07 08:13:00,115037.33,115045.28,115012.54,115014.51,394,980,0
2025-08-07 08:14:00,115015.19,115069.81,115003.77,115040.97,406,980,0
2025-08-07 08:15:00,115041.18,115065.3,115027.75,115055.45,407,980,0
2025-08-07 08:16:00,115055.6,115058.02,115035.67,115037.3,382,980,0
2025-08-07 08:17:00,115037.7,115068.64,115036.87,115068.32,428,980,0
2025-08-07 08:18:00,115068.37,115103.73,115059.9,115094.48,430,980,0
2025-08-07 08:19:00,115094.29,115151.91,115090.37,115147.78,430,980,0
2025-08-07 08:20:00,115146.77,115146.77,115123.52,115131.63,425,980,0
2025-08-07 08:21:00,115132.18,115234.31,115125.9,115232.43,431,980,0
2025-08-07 08:22:00,115230.45,115242.15,115202.8,115228.4,407,980,0
2025-08-07 08:23:00,115228.4,115231.1,115145.7,115146.54,366,980,0
2025-08-07 08:24:00,115146.98,115219.5,115146.26,115214.76,372,980,0
2025-08-07 08:25:00,115214.96,115219.57,115169.25,115185.26,355,980,0
2025-08-07 08:26:00,115185.34,115297.48,115184.73,115278.57,391,980,0
2025-08-07 08:27:00,115279.08,115280.98,115250.34,115273.87,388,980,0
2025-08-07 08:28:00,115273.34,115273.34,115225.71,115226.06,388,980,0
2025-08-07 08:29:00,115226.25,115259.32,115226.07,115244.54,412,980,0
2025-08-07 08:30:00,115243.69,115248.89,115181.37,115186.39,402,980,0
2025-08-07 08:31:00,115186.41,115192.87,115148.13,115155.43,396,980,0
2025-08-07 08:32:00,115155.23,115164.99,115110.68,115113.9,439,980,0
2025-08-07 08:33:00,115115.21,115124.14,115101.8,115121.29,421,980,0
2025-08-07 08:34:00,115121.3,115139.7,115112.25,115129.0,397,980,0
2025-08-07 08:35:00,115128.67,115138.63,115102.45,115109.14,423,980,0
2025-08-07 08:36:00,115108.71,115123.3,115106.77,115107.39,448,980,0
2025-08-07 08:37:00,115106.97,115120.89,115103.32,115114.92,379,980,0
2025-08-07 08:38:00,115114.51,115173.47,115110.89,115161.89,386,980,0
2025-08-07 08:39:00,115185.07,115196.91,115129.39,115130.12,375,980,0
2025-08-07 08:40:00,115130.85,115136.89,115098.87,115120.15,348,980,0
2025-08-07 08:41:00,115121.62,115155.43,115121.24,115144.95,373,980,0
2025-08-07 08:42:00,115145.56,115150.23,115082.98,115096.85,383,980,0
2025-08-07 08:43:00,115097.35,115134.36,115096.78,115134.31,401,980,0
2025-08-07 08:44:00,115134.3,115171.35,115134.04,115168.25,389,980,0
2025-08-07 08:45:00,115166.42,115183.35,115153.88,115170.99,390,980,0
2025-08-07 08:46:00,115171.75,115179.01,115136.71,115140.44,369,980,0
2025-08-07 08:47:00,115140.62,115149.35,115119.91,115119.91,397,980,0
2025-08-07 08:48:00,115120.92,115126.53,115097.32,115107.65,366,980,0
2025-08-07 08:49:00,115114.47,115114.87,115101.77,115108.07,371,980,0
2025-08-07 08:50:00,115112.99,115138.81,115108.95,115117.91,394,980,0
2025-08-07 08:51:00,115118.05,115144.09,115105.39,115135.41,376,980,0
2025-08-07 08:52:00,115136.66,115154.3,115132.72,115143.65,368,980,0
2025-08-07 08:53:00,115144.36,115144.7,115127.56,115138.54,320,980,0
2025-08-07 08:54:00,115138.54,115146.58,115122.19,115127.39,340,980,0
2025-08-07 08:55:00,115127.45,115164.97,115118.8,115129.74,355,980,0
2025-08-07 08:56:00,115129.71,115139.49,115109.8,115110.54,397,980,0
2025-08-07 08:57:00,115110.67,115121.88,115079.75,115107.76,377,980,0
2025-08-07 08:58:00,115108.99,115111.3,115054.3,115079.48,384,980,0
2025-08-07 08:59:00,115079.47,115079.47,115064.21,115067.0,380,980,0
2025-08-07 09:00:00,115065.93,115094.39,115064.3,115090.39,400,980,0
2025-08-07 09:01:00,115090.56,115090.75,115052.5,115056.26,368,980,0
2025-08-07 09:02:00,115056.33,115061.04,115032.04,115046.47,388,980,0
2025-08-07 09:03:00,115044.78,115050.54,115023.61,115025.86,383,980,0
2025-08-07 09:04:00,115026.27,115141.88,115026.27,115136.25,408,980,0
2025-08-07 09:05:00,115136.04,115156.11,115092.27,115105.33,374,980,0
2025-08-07 09:06:00,115104.63,115158.89,115093.28,115101.69,364,980,0
2025-08-07 09:07:00,115101.11,115117.33,115097.35,115110.58,385,980,0
2025-08-07 09:08:00,115110.58,115110.98,115097.78,115098.95,392,980,0
2025-08-07 09:09:00,115098.91,115098.91,115074.32,115076.88,399,980,0
2025-08-07 09:10:00,115077.07,115085.29,115027.2,115034.67,383,980,0
2025-08-07 09:11:00,115035.02,115035.64,114976.44,114991.52,419,980,0
2025-08-07 09:12:00,114991.44,115003.44,114989.05,115000.86,373,980,0
2025-08-07 09:13:00,115000.8,115023.19,114998.53,115023.05,371,980,0
2025-08-07 09:14:00,115022.48,115043.22,115018.61,115031.4,375,980,0
2025-08-07 09:15:00,115030.73,115033.04,115022.17,115023.63,385,980,0
2025-08-07 09:16:00,115022.45,115027.39,115006.36,115011.26,348,980,0
2025-08-07 09:17:00,115011.54,115042.76,115008.22,115038.75,357,980,0
2025-08-07 09:18:00,115038.44,115039.04,114978.36,114985.19,343,980,0
2025-08-07 09:19:00,114984.94,115016.83,114947.52,114999.28,383,980,0
2025-08-07 09:20:00,114998.58,115038.56,114998.58,115032.08,383,980,0
2025-08-07 09:21:00,115032.16,115051.75,115023.69,115050.71,415,980,0
2025-08-07 09:22:00,115049.49,115065.21,115022.75,115049.63,395,980,0
2025-08-07 09:23:00,115049.45,115075.41,115043.96,115064.71,380,980,0
2025-08-07 09:24:00,115065.04,115066.71,115043.31,115043.83,377,980,0
2025-08-07 09:25:00,115043.3,115062.6,115042.64,115058.53,361,980,0
2025-08-07 09:26:00,115058.61,115087.75,115058.61,115083.82,357,980,0
2025-08-07 09:27:00,115083.47,115085.75,115072.34,115074.37,379,980,0
2025-08-07 09:28:00,115074.38,115132.99,115074.35,115130.9,366,980,0
2025-08-07 09:29:00,115130.9,115143.74,115123.33,115138.22,371,980,0
2025-08-07 09:30:00,115139.58,115146.63,115127.24,115143.98,386,980,0
2025-08-07 09:31:00,115144.11,115144.98,115108.39,115116.82,371,980,0
2025-08-07 09:32:00,115117.14,115118.49,115072.06,115114.1,373,980,0
2025-08-07 09:33:00,115114.1,115120.34,115074.0,115079.77,344,980,0
2025-08-07 09:34:00,115080.09,115087.09,115047.72,115061.3,387,980,0
2025-08-07 09:35:00,115061.22,115063.81,115032.26,115037.54,384,980,0
2025-08-07 09:36:00,115038.06,115080.88,115037.5,115070.95,392,980,0
2025-08-07 09:37:00,115071.71,115102.78,115070.77,115095.17,357,980,0
2025-08-07 09:38:00,115094.7,115095.4,115009.98,115013.77,329,980,0
2025-08-07 09:39:00,115014.99,115031.72,114994.86,115005.38,360,980,0
2025-08-07 09:40:00,115005.23,115019.87,114999.61,115016.6,378,980,0
2025-08-07 09:41:00,115016.6,115060.94,115007.85,115057.84,352,980,0
2025-08-07 09:42:00,115057.49,115090.08,115057.49,115082.13,396,980,0
2025-08-07 09:43:00,115082.13,115138.77,115080.27,115118.87,367,980,0
2025-08-07 09:44:00,115120.02,115125.71,115110.15,115112.1,370,980,0
2025-08-07 09:45:00,115120.86,115164.55,115109.34,115114.77,383,980,0
2025-08-07 09:46:00,115114.54,115119.39,115084.12,115093.78,330,980,0
2025-08-07 09:47:00,115094.68,115112.26,115089.96,115106.35,353,980,0
2025-08-07 09:48:00,115107.78,115115.16,115103.42,115104.78,346,980,0
2025-08-07 09:49:00,115104.81,115104.82,115081.34,115086.0,344,980,0
2025-08-07 09:50:00,115086.13,115154.12,115086.0,115154.12,362,980,0
2025-08-07 09:51:00,115154.12,115175.63,115141.36,115161.97,363,980,0
2025-08-07 09:52:00,115162.35,115169.72,115158.25,115162.65,381,980,0
2025-08-07 09:53:00,115162.85,115167.51,115124.72,115128.99,373,980,0
2025-08-07 09:54:00,115129.78,115135.38,115117.4,115128.35,366,980,0
2025-08-07 09:55:00,115128.87,115130.52,115101.58,115116.24,373,980,0
2025-08-07 09:56:00,115116.64,115168.72,115116.28,115163.43,345,980,0
2025-08-07 09:57:00,115162.11,115192.77,115154.19,115187.78,393,980,0
2025-08-07 09:58:00,115187.6,115189.39,115138.0,115151.23,369,980,0
2025-08-07 09:59:00,115151.21,115208.49,115150.93,115187.45,367,980,0
2025-08-07 10:00:00,115187.76,115189.33,115146.14,115151.2,347,980,0
2025-08-07 10:01:00,115152.45,115198.13,115152.43,115181.19,388,980,0
2025-08-07 10:02:00,115182.69,115417.72,115170.62,115416.1,407,980,0
2025-08-07 10:03:00,115412.86,115575.03,115365.57,115528.93,442,980,0
2025-08-07 10:04:00,115528.74,115600.85,115516.22,115573.64,389,980,0
2025-08-07 10:05:00,115574.03,115578.4,115432.69,115442.41,414,980,0
2025-08-07 10:06:00,115442.41,115592.6,115399.42,115579.81,475,980,0
2025-08-07 10:07:00,115579.8,115586.39,115424.06,115547.19,350,980,0
2025-08-07 10:08:00,115546.82,115559.74,115446.28,115556.73,354,980,0
2025-08-07 10:09:00,115556.52,115559.39,115518.11,115549.36,324,980,0
2025-08-07 10:10:00,115549.55,115549.58,115493.26,115498.37,415,980,0
2025-08-07 10:11:00,115498.32,115541.93,115453.4,115526.6,391,980,0
2025-08-07 10:12:00,115520.7,115591.37,115506.04,115588.61,389,980,0
2025-08-07 10:13:00,115588.0,115616.11,115561.84,115610.63,411,980,0
2025-08-07 10:14:00,115610.01,115688.91,115595.38,115597.51,452,980,0
2025-08-07 10:15:00,115597.67,115656.41,115567.86,115645.93,429,980,0
2025-08-07 10:16:00,115645.73,115748.48,115628.02,115722.46,375,980,0
2025-08-07 10:17:00,115722.46,115775.76,115676.87,115745.82,380,980,0
2025-08-07 10:18:00,115745.6,115795.85,115721.34,115761.49,404,980,0
2025-08-07 10:19:00,115760.91,115773.11,115718.14,115757.02,373,980,0
2025-08-07 10:20:00,115757.02,115757.02,115661.94,115685.05,376,980,0
2025-08-07 10:21:00,115685.16,115745.59,115666.01,115723.19,381,980,0
2025-08-07 10:22:00,115723.34,115759.97,115716.78,115720.22,366,980,0
2025-08-07 10:23:00,115720.22,115732.94,115694.22,115696.46,393,980,0
2025-08-07 10:24:00,115696.54,115707.24,115639.75,115695.19,409,980,0
2025-08-07 10:25:00,115695.25,115753.62,115681.14,115748.62,412,980,0
2025-08-07 10:26:00,115748.62,115833.3,115745.31,115803.93,418,980,0
2025-08-07 10:27:00,115804.12,115921.61,115789.39,115901.98,376,980,0
2025-08-07 10:28:00,115901.21,115974.56,115898.31,115954.59,415,980,0
2025-08-07 10:29:00,115954.37,115984.79,115930.84,115958.85,357,980,0
2025-08-07 10:30:00,115968.74,116007.92,115946.82,116006.58,400,980,0
2025-08-07 10:31:00,116005.07,116006.81,115926.53,115993.72,430,980,0
2025-08-07 10:32:00,115993.72,116078.56,115988.57,116048.39,429,980,0
2025-08-07 10:33:00,116047.34,116100.63,116042.53,116095.42,419,980,0
2025-08-07 10:34:00,116095.71,116223.76,116095.09,116211.69,360,980,0
2025-08-07 10:35:00,116211.13,116222.58,116164.97,116171.39,365,980,0
2025-08-07 10:36:00,116171.31,116178.69,116053.62,116087.8,406,980,0
2025-08-07 10:37:00,116087.79,116165.51,116059.5,116165.51,417,980,0
2025-08-07 10:38:00,116163.52,116226.38,116148.36,116219.65,397,980,0
2025-08-07 10:39:00,116218.63,116415.33,116193.1,116397.62,432,980,0
2025-08-07 10:40:00,116398.24,116502.24,116397.69,116458.93,450,980,0
2025-08-07 10:41:00,116457.53,116457.53,116408.79,116416.1,396,980,0
2025-08-07 10:42:00,116416.02,116476.39,116408.35,116443.93,416,980,0
2025-08-07 10:43:00,116444.56,116473.7,116407.32,116455.58,411,980,0
2025-08-07 10:44:00,116455.58,116485.76,116441.33,116478.47,408,980,0
2025-08-07 10:45:00,116478.37,116519.56,116475.99,116491.23,439,980,0
2025-08-07 10:46:00,116491.11,116494.3,116332.07,116389.06,416,980,0
2025-08-07 10:47:00,116390.31,116459.91,116388.01,116416.73,420,980,0
2025-08-07 10:48:00,116416.89,116436.36,116379.74,116407.65,411,980,0
2025-08-07 10:49:00,116407.65,116407.66,116335.22,116373.77,371,980,0
2025-08-07 10:50:00,116374.06,116426.42,116342.6,116358.88,423,980,0
2025-08-07 10:51:00,116361.08,116427.84,116351.0,116427.84,436,980,0
2025-08-07 10:52:00,116427.0,116432.86,116367.0,116419.8,405,980,0
2025-08-07 10:53:00,116419.92,116477.81,116416.08,116472.35,422,980,0
2025-08-07 10:54:00,116472.35,116485.85,116420.77,116450.43,381,980,0
2025-08-07 10:55:00,116450.42,116484.99,116436.91,116471.68,423,980,0
2025-08-07 10:56:00,116471.83,116520.79,116469.27,116487.42,498,980,0
2025-08-07 10:57:00,116488.14,116504.06,116415.99,116446.88,396,980,0
2025-08-07 10:58:00,116446.07,116446.07,116405.62,116431.12,385,980,0
2025-08-07 10:59:00,116430.37,116440.99,116408.15,116408.25,373,980,0
2025-08-07 11:00:00,116408.35,116550.19,116408.35,116522.41,452,980,0
2025-08-07 11:01:00,116522.46,116529.92,116498.55,116518.18,454,980,0
2025-08-07 11:02:00,116518.18,116534.76,116507.77,116511.38,428,980,0
2025-08-07 11:03:00,116510.48,116523.19,116497.24,116516.07,398,980,0
2025-08-07 11:04:00,116515.95,116527.48,116504.0,116527.26,437,980,0
2025-08-07 11:05:00,116527.23,116527.42,116431.34,116448.62,381,980,0
2025-08-07 11:06:00,116450.0,116510.81,116450.0,116509.8,416,980,0
2025-08-07 11:07:00,116510.94,116545.46,116500.02,116541.16,425,980,0
2025-08-07 11:08:00,116542.52,116546.73,116501.75,116511.98,427,980,0
2025-08-07 11:09:00,116512.3,116513.3,116460.79,116490.13,395,980,0
2025-08-07 11:10:00,116489.1,116528.86,116485.8,116522.71,425,980,0
2025-08-07 11:11:00,116522.7,116538.61,116516.76,116524.61,432,980,0
2025-08-07 11:12:00,116525.35,116529.67,116494.67,116497.53,436,980,0
2025-08-07 11:13:00,116497.47,116521.43,116493.12,116510.25,376,980,0
2025-08-07 11:14:00,116509.82,116567.11,116509.38,116534.44,430,980,0
2025-08-07 11:15:00,116534.08,116552.95,116480.45,116503.3,432,980,0
2025-08-07 11:16:00,116508.15,116532.48,116479.93,116499.39,359,980,0
2025-08-07 11:17:00,116498.34,116545.41,116482.4,116545.41,400,980,0
2025-08-07 11:18:00,116546.54,116612.39,116546.54,116608.28,431,980,0
2025-08-07 11:19:00,116608.28,116759.99,116598.3,116701.65,454,980,0
2025-08-07 11:20:00,116701.57,116710.11,116609.01,116609.02,443,980,0
2025-08-07 11:21:00,116609.01,116690.26,116580.04,116678.58,415,980,0
2025-08-07 11:22:00,116677.97,116739.93,116677.41,116726.37,450,980,0
2025-08-07 11:23:00,116725.87,116750.95,116700.71,116739.68,367,980,0
2025-08-07 11:24:00,116739.65,116753.18,116736.92,116741.69,455,980,0
2025-08-07 11:25:00,116741.7,116805.91,116701.32,116794.98,396,980,0
2025-08-07 11:26:00,116794.53,116811.15,116792.14,116807.78,463,980,0
2025-08-07 11:27:00,116809.27,116827.88,116774.63,116812.76,414,980,0
2025-08-07 11:28:00,116812.99,116848.11,116795.45,116845.19,410,980,0
2025-08-07 11:29:00,116844.71,116871.92,116823.37,116858.77,421,980,0
2025-08-07 11:30:00,116858.77,116886.17,116776.86,116796.93,356,980,0
2025-08-07 11:31:00,116797.92,116815.53,116768.47,116788.9,339,980,0
2025-08-07 11:32:00,116788.88,116793.03,116657.3,116682.2,431,980,0
2025-08-07 11:33:00,116684.63,116687.49,116587.83,116628.3,469,980,0
2025-08-07 11:34:00,116637.77,116656.97,116579.1,116620.99,413,980,0
2025-08-07 11:35:00,116620.29,116695.2,116612.28,116644.2,420,980,0
2025-08-07 11:36:00,116644.16,116706.61,116635.94,116670.88,420,980,0
2025-08-07 11:37:00,116670.88,116692.67,116624.4,116668.52,390,980,0
2025-08-07 11:38:00,116669.1,116695.58,116663.52,116684.27,407,980,0
2025-08-07 11:39:00,116684.7,116690.04,116646.82,116651.79,410,980,0
2025-08-07 11:40:00,116652.38,116679.17,116610.89,116615.15,408,980,0
2025-08-07 11:41:00,116615.24,116663.94,116595.81,116659.95,403,980,0
2025-08-07 11:42:00,116658.24,116667.41,116601.76,116661.18,462,980,0
2025-08-07 11:43:00,116660.56,116741.53,116642.72,116710.66,409,980,0
2025-08-07 11:44:00,116711.27,116736.88,116691.13,116696.18,415,980,0
2025-08-07 11:45:00,116696.54,116737.21,116696.54,116726.34,442,980,0
2025-08-07 11:46:00,116725.56,116754.57,116721.4,116726.56,434,980,0
2025-08-07 11:47:00,116726.57,116774.26,116726.57,116763.81,440,980,0
2025-08-07 11:48:00,116762.52,116765.72,116737.08,116738.81,404,980,0
2025-08-07 11:49:00,116738.98,116788.22,116737.8,116779.88,396,980,0
2025-08-07 11:50:00,116779.87,116871.54,116778.6,116838.57,444,980,0
2025-08-07 11:51:00,116838.88,116847.97,116731.4,116736.05,356,980,0
2025-08-07 11:52:00,116730.33,116778.73,116727.83,116745.18,376,980,0
2025-08-07 11:53:00,116745.24,116765.24,116704.05,116731.62,386,980,0
2025-08-07 11:54:00,116731.47,116732.56,116686.13,116701.39,417,980,0
2025-08-07 11:55:00,116701.57,116701.66,116614.01,116623.14,431,980,0
2025-08-07 11:56:00,116624.61,116638.55,116593.15,116633.07,455,980,0
2025-08-07 11:57:00,116632.06,116632.46,116595.13,116615.7,443,980,0
2025-08-07 11:58:00,116615.72,116616.14,116593.49,116599.75,452,980,0
2025-08-07 11:59:00,116599.93,116613.67,116552.78,116572.32,425,980,0
2025-08-07 12:00:00,116570.63,116661.01,116547.3,116558.82,401,980,0
2025-08-07 12:01:00,116559.25,116622.89,116552.71,116622.89,448,980,0
2025-08-07 12:02:00,116622.57,116638.93,116593.03,116638.93,415,980,0
2025-08-07 12:03:00,116638.92,116638.92,116594.85,116597.32,418,980,0
2025-08-07 12:04:00,116597.1,116601.7,116490.29,116498.05,384,980,0
2025-08-07 12:05:00,116497.48,116510.39,116410.93,116422.32,436,980,0
2025-08-07 12:06:00,116423.0,116438.06,116364.23,116417.36,387,980,0
2025-08-07 12:07:00,116417.36,116446.86,116377.06,116412.78,400,980,0
2025-08-07 12:08:00,116412.77,116429.23,116397.31,116415.98,417,980,0
2025-08-07 12:09:00,116415.98,116418.31,116347.31,116378.19,410,980,0
2025-08-07 12:10:00,116375.76,116380.9,116360.47,116379.01,431,980,0
2025-08-07 12:11:00,116379.14,116387.9,116374.14,116384.98,408,980,0
2025-08-07 12:12:00,116385.19,116385.3,116320.66,116345.77,390,980,0
2025-08-07 12:13:00,116344.99,116380.83,116341.33,116378.8,389,980,0
2025-08-07 12:14:00,116378.92,116378.92,116312.48,116345.79,403,980,0
2025-08-07 12:15:00,116344.62,116406.26,116337.74,116399.15,393,980,0
2025-08-07 12:16:00,116400.78,116401.73,116356.46,116375.8,391,980,0
2025-08-07 12:17:00,116375.87,116376.42,116312.44,116324.47,407,980,0
2025-08-07 12:18:00,116324.03,116327.1,116307.49,116319.84,424,980,0
2025-08-07 12:19:00,116319.83,116323.22,116296.93,116307.09,423,980,0
2025-08-07 12:20:00,116307.93,116340.51,116300.4,116340.48,446,980,0
2025-08-07 12:21:00,116339.64,116339.64,116322.39,116329.43,436,980,0
2025-08-07 12:22:00,116329.87,116351.48,116317.07,116347.57,456,980,0
2025-08-07 12:23:00,116347.7,116388.53,116347.67,116378.31,395,980,0
2025-08-07 12:24:00,116378.07,116379.5,116337.74,116345.15,381,980,0
2025-08-07 12:25:00,116345.07,116381.9,116343.39,116376.35,359,980,0
2025-08-07 12:26:00,116376.77,116419.37,116366.8,116419.37,383,980,0
2025-08-07 12:27:00,116419.38,116495.19,116419.38,116495.18,362,980,0
2025-08-07 12:28:00,116495.18,116506.24,116443.38,116450.8,388,980,0
2025-08-07 12:29:00,116450.29,116450.79,116422.87,116433.16,398,980,0
2025-08-07 12:30:00,116433.58,116448.25,116385.84,116425.34,431,980,0
2025-08-07 12:31:00,116425.61,116458.57,116403.08,116403.4,383,980,0
2025-08-07 12:32:00,116404.61,116409.94,116364.05,116382.48,385,980,0
2025-08-07 12:33:00,116381.43,116383.99,116352.81,116364.21,390,980,0
2025-08-07 12:34:00,116364.22,116407.1,116364.22,116372.05,398,980,0
2025-08-07 12:35:00,116371.75,116447.07,116371.66,116441.04,408,980,0
2025-08-07 12:36:00,116439.23,116444.34,116415.42,116421.26,390,980,0
2025-08-07 12:37:00,116421.47,116474.89,116416.2,116468.73,389,980,0
2025-08-07 12:38:00,116467.96,116524.51,116467.62,116472.6,370,980,0
2025-08-07 12:39:00,116477.03,116481.41,116444.13,116460.7,369,980,0
2025-08-07 12:40:00,116460.37,116500.52,116449.7,116452.61,408,980,0
2025-08-07 12:41:00,116454.98,116463.34,116442.43,116451.59,452,980,0
2025-08-07 12:42:00,116454.21,116471.36,116450.87,116451.26,417,980,0
2025-08-07 12:43:00,116451.24,116471.7,116387.16,116391.95,386,980,0
2025-08-07 12:44:00,116394.57,116394.57,116250.54,116284.83,405,980,0
2025-08-07 12:45:00,116283.76,116313.88,116223.15,116289.11,403,980,0
2025-08-07 12:46:00,116288.99,116290.66,116263.62,116269.06,395,980,0
2025-08-07 12:47:00,116268.96,116276.99,116214.54,116218.55,437,980,0
2025-08-07 12:48:00,116219.18,116247.77,116176.03,116176.03,407,980,0
2025-08-07 12:49:00,116174.26,116174.26,116058.89,116101.97,365,980,0
2025-08-07 12:50:00,116101.97,116290.17,116072.75,116290.17,366,980,0
2025-08-07 12:51:00,116290.17,116298.71,116243.68,116260.65,414,980,0
2025-08-07 12:52:00,116259.44,116342.01,116256.97,116307.26,408,980,0
2025-08-07 12:53:00,116306.44,116391.03,116301.15,116313.64,424,980,0
2025-08-07 12:54:00,116314.66,116414.28,116314.66,116406.53,371,980,0
2025-08-07 12:55:00,116408.86,116411.88,116339.43,116346.58,380,980,0
2025-08-07 12:56:00,116346.52,116437.67,116345.9,116417.45,361,980,0
2025-08-07 12:57:00,116416.9,116455.7,116399.51,116421.19,409,980,0
2025-08-07 12:58:00,116420.03,116440.06,116406.17,116410.2,391,980,0
2025-08-07 12:59:00,116410.03,116414.27,116401.44,116406.51,432,980,0
2025-08-07 13:00:00,116406.15,116437.84,116400.51,116405.3,402,980,0
2025-08-07 13:01:00,116405.59,116471.14,116399.62,116418.7,409,980,0
2025-08-07 13:02:00,116418.29,116421.15,116337.5,116340.37,385,980,0
2025-08-07 13:03:00,116340.75,116379.18,116337.51,116340.44,409,980,0
2025-08-07 13:04:00,116340.68,116353.73,116320.03,116352.86,385,980,0
2025-08-07 13:05:00,116350.21,116384.97,116312.99,116371.52,354,980,0
2025-08-07 13:06:00,116370.6,116401.6,116337.28,116396.77,390,980,0
2025-08-07 13:07:00,116395.54,116408.59,116322.37,116333.11,403,980,0
2025-08-07 13:08:00,116332.88,116332.88,116298.57,116304.6,357,980,0
2025-08-07 13:09:00,116304.92,116329.38,116275.92,116275.92,407,980,0
2025-08-07 13:10:00,116277.26,116312.03,116254.35,116306.9,395,980,0
2025-08-07 13:11:00,116307.25,116311.14,116289.44,116290.24,388,980,0
2025-08-07 13:12:00,116290.67,116334.15,116271.51,116274.86,394,980,0
2025-08-07 13:13:00,116275.18,116328.39,116274.77,116318.52,382,980,0
2025-08-07 13:14:00,116318.12,116318.94,116266.01,116275.24,407,980,0
2025-08-07 13:15:00,116275.36,116296.18,116253.11,116263.77,404,980,0
2025-08-07 13:16:00,116263.63,116325.96,116218.2,116325.96,378,980,0
2025-08-07 13:17:00,116325.96,116367.55,116308.48,116313.05,355,980,0
2025-08-07 13:18:00,116311.98,116326.13,116282.34,116286.28,391,980,0
2025-08-07 13:19:00,116285.64,116310.71,116279.34,116305.0,388,980,0
2025-08-07 13:20:00,116304.42,116356.1,116304.2,116351.99,349,980,0
2025-08-07 13:21:00,116351.75,116352.75,116311.26,116313.23,372,980,0
2025-08-07 13:22:00,116313.96,116343.85,116301.67,116333.73,390,980,0
2025-08-07 13:23:00,116334.78,116376.15,116328.31,116360.52,381,980,0
2025-08-07 13:24:00,116360.54,116375.06,116308.55,116350.87,408,980,0
2025-08-07 13:25:00,116351.04,116383.09,116337.71,116374.03,407,980,0
2025-08-07 13:26:00,116373.05,116433.01,116371.53,116428.15,424,980,0
2025-08-07 13:27:00,116429.52,116482.96,116419.84,116439.17,383,980,0
2025-08-07 13:28:00,116439.39,116439.5,116376.34,116416.36,411,980,0
2025-08-07 13:29:00,116416.37,116438.68,116381.58,116437.86,385,980,0
2025-08-07 13:30:00,116437.46,116493.81,116414.9,116421.54,414,980,0
2025-08-07 13:31:00,116422.26,116459.63,116345.52,116452.21,408,980,0
2025-08-07 13:32:00,116450.81,116517.13,116378.41,116513.32,419,980,0
2025-08-07 13:33:00,116513.4,116555.07,116434.64,116463.08,405,980,0
2025-08-07 13:34:00,116464.64,116551.68,116440.97,116542.04,402,980,0
2025-08-07 13:35:00,116543.69,116620.23,116509.02,116617.38,417,980,0
2025-08-07 13:36:00,116615.97,116658.65,116575.1,116594.15,388,980,0
2025-08-07 13:37:00,116593.44,116640.1,116552.04,116578.52,416,980,0
2025-08-07 13:38:00,116581.58,116652.74,116569.98,116650.1,433,980,0
2025-08-07 13:39:00,116650.1,116759.96,116626.84,116759.96,444,980,0
2025-08-07 13:40:00,116761.63,116790.75,116720.39,116725.21,391,980,0
2025-08-07 13:41:00,116725.06,116805.43,116655.85,116764.57,398,980,0
2025-08-07 13:42:00,116764.57,116790.1,116568.1,116586.1,439,980,0
2025-08-07 13:43:00,116586.26,116599.11,116505.5,116551.69,347,980,0
2025-08-07 13:44:00,116552.28,116655.58,116532.53,116649.51,444,980,0
2025-08-07 13:45:00,116648.63,116648.84,116455.08,116455.08,400,980,0
2025-08-07 13:46:00,116449.83,116546.54,116449.83,116483.78,382,980,0
2025-08-07 13:47:00,116483.65,116544.1,116464.45,116522.3,404,980,0
2025-08-07 13:48:00,116521.78,116523.33,116448.87,116468.21,404,980,0
2025-08-07 13:49:00,116469.71,116627.12,116469.15,116587.89,369,980,0
2025-08-07 13:50:00,116587.89,116664.16,116552.92,116658.15,423,980,0
2025-08-07 13:51:00,116661.76,116688.37,116606.18,116606.2,398,980,0
2025-08-07 13:52:00,116606.2,116651.8,116582.11,116622.63,414,980,0
2025-08-07 13:53:00,116623.6,116735.18,116610.58,116668.57,388,980,0
2025-08-07 13:54:00,116668.56,116680.69,116625.8,116657.06,420,980,0
2025-08-07 13:55:00,116655.73,116657.8,116543.87,116645.22,421,980,0
2025-08-07 13:56:00,116647.52,116745.08,116624.29,116745.08,390,980,0
2025-08-07 13:57:00,116746.82,116753.8,116597.24,116603.85,413,980,0
2025-08-07 13:58:00,116604.44,116656.06,116592.93,116634.22,344,980,0
2025-08-07 13:59:00,116635.58,116687.39,116628.12,116682.38,390,980,0
2025-08-07 14:00:00,116682.38,116726.6,116658.24,116691.13,329,980,0
2025-08-07 14:01:00,116691.6,116691.6,116618.15,116634.0,326,980,0
2025-08-07 14:02:00,116634.16,116697.87,116625.43,116663.44,377,980,0
2025-08-07 14:03:00,116663.19,116669.85,116580.59,116596.8,431,980,0
2025-08-07 14:04:00,116597.03,116602.79,116538.14,116548.36,430,980,0
2025-08-07 14:05:00,116546.26,116600.25,116482.33,116484.27,431,980,0
2025-08-07 14:06:00,116485.52,116530.96,116434.44,116530.36,418,980,0
2025-08-07 14:07:00,116530.36,116572.26,116522.29,116538.32,428,980,0
2025-08-07 14:08:00,116528.88,116528.88,116396.6,116423.47,417,980,0
2025-08-07 14:09:00,116423.46,116430.71,116335.93,116343.61,428,980,0
2025-08-07 14:10:00,116345.66,116402.42,116299.42,116365.61,377,980,0
2025-08-07 14:11:00,116365.15,116418.43,116335.67,116346.9,312,980,0
2025-08-07 14:12:00,116350.81,116350.81,116283.29,116337.74,417,980,0
2025-08-07 14:13:00,116335.54,116335.54,116269.76,116302.02,387,980,0
2025-08-07 14:14:00,116301.27,116322.31,116273.25,116314.91,343,980,0
2025-08-07 14:15:00,116314.83,116407.07,116311.42,116311.42,358,980,0
2025-08-07 14:16:00,116311.42,116406.49,116298.56,116401.54,404,980,0
2025-08-07 14:17:00,116401.54,116470.55,116400.05,116469.55,427,980,0
2025-08-07 14:18:00,116469.03,116518.97,116443.65,116444.77,392,980,0
2025-08-07 14:19:00,116445.92,116526.73,116445.07,116479.53,396,980,0
2025-08-07 14:20:00,116479.68,116528.54,116474.98,116474.99,359,980,0
2025-08-07 14:21:00,116474.99,116489.26,116413.52,116430.42,396,980,0
2025-08-07 14:22:00,116422.43,116470.47,116384.52,116446.93,389,980,0
2025-08-07 14:23:00,116446.64,116459.62,116406.62,116452.71,422,980,0
2025-08-07 14:24:00,116452.89,116459.18,116334.02,116338.05,388,980,0
2025-08-07 14:25:00,116334.27,116409.39,116331.73,116401.3,403,980,0
2025-08-07 14:26:00,116401.3,116456.3,116385.68,116410.51,409,980,0
2025-08-07 14:27:00,116410.51,116457.29,116365.95,116436.92,420,980,0
2025-08-07 14:28:00,116437.79,116451.49,116361.62,116376.27,334,980,0
2025-08-07 14:29:00,116376.09,116412.61,116347.36,116390.25,382,980,0
2025-08-07 14:30:00,116390.15,116433.43,116332.61,116341.58,436,980,0
2025-08-07 14:31:00,116341.66,116353.42,116271.03,116278.29,443,980,0
2025-08-07 14:32:00,116279.15,116305.64,116223.39,116304.45,429,980,0
2025-08-07 14:33:00,116307.6,116329.75,116233.48,116249.54,426,980,0
2025-08-07 14:34:00,116248.66,116435.86,116235.48,116431.16,430,980,0
2025-08-07 14:35:00,116431.1,116522.86,116412.99,116522.86,442,980,0
2025-08-07 14:36:00,116526.75,116537.88,116435.9,116528.24,438,980,0
2025-08-07 14:37:00,116527.98,116605.45,116526.45,116603.07,395,980,0
2025-08-07 14:38:00,116602.39,116704.51,116592.24,116635.87,391,980,0
2025-08-07 14:39:00,116636.07,116677.68,116603.43,116656.67,308,980,0
2025-08-07 14:40:00,116656.65,116657.44,116558.96,116594.1,359,980,0
2025-08-07 14:41:00,116594.1,116594.11,116465.63,116471.6,404,980,0
2025-08-07 14:42:00,116472.18,116477.29,116411.77,116435.58,332,980,0
2025-08-07 14:43:00,116435.58,116501.92,116430.45,116495.35,328,980,0
2025-08-07 14:44:00,116496.69,116514.25,116463.35,116481.42,417,980,0
2025-08-07 14:45:00,116481.78,116560.11,116480.23,116533.7,412,980,0
2025-08-07 14:46:00,116535.63,116535.63,116362.48,116403.0,411,980,0
2025-08-07 14:47:00,116402.95,116463.08,116367.89,116381.39,436,980,0
2025-08-07 14:48:00,116381.39,116414.96,116320.72,116411.41,409,980,0
2025-08-07 14:49:00,116411.16,116479.32,116402.35,116406.17,388,980,0
2025-08-07 14:50:00,116407.64,116466.39,116395.41,116430.46,365,980,0
2025-08-07 14:51:00,116430.33,116431.1,116349.63,116407.81,418,980,0
2025-08-07 14:52:00,116407.42,116514.63,116394.57,116496.74,409,980,0
2025-08-07 14:53:00,116496.74,116516.15,116402.09,116423.73,402,980,0
2025-08-07 14:54:00,116423.38,116451.36,116401.9,116442.9,395,980,0
2025-08-07 14:55:00,116442.71,116447.23,116355.42,116355.42,400,980,0
2025-08-07 14:56:00,116351.73,116371.54,116325.08,116332.45,357,980,0
2025-08-07 14:57:00,116333.13,116357.57,116284.02,116348.22,366,980,0
2025-08-07 14:58:00,116348.01,116374.18,116340.78,116369.34,400,980,0
2025-08-07 14:59:00,116368.51,116406.26,116345.23,116406.26,391,980,0
2025-08-07 15:00:00,116407.61,116465.88,116367.88,116428.06,388,980,0
2025-08-07 15:01:00,116428.88,116479.1,116381.4,116442.43,398,980,0
2025-08-07 15:02:00,116442.43,116448.18,116346.26,116366.18,383,980,0
2025-08-07 15:03:00,116365.82,116427.79,116347.01,116406.02,367,980,0
2025-08-07 15:04:00,116406.23,116406.23,116252.93,116298.21,379,980,0
2025-08-07 15:05:00,116297.6,116357.2,116274.66,116319.99,413,980,0
2025-08-07 15:06:00,116319.99,116419.33,116319.98,116403.16,351,980,0
2025-08-07 15:07:00,116403.6,116451.52,116366.22,116375.98,368,980,0
2025-08-07 15:08:00,116375.98,116383.63,116326.02,116347.55,398,980,0
2025-08-07 15:09:00,116348.04,116470.27,116348.04,116446.29,367,980,0
2025-08-07 15:10:00,116446.28,116537.05,116433.32,116433.32,454,980,0
2025-08-07 15:11:00,116435.83,116494.47,116420.69,116484.12,403,980,0
2025-08-07 15:12:00,116476.9,116495.94,116399.23,116418.22,422,980,0
2025-08-07 15:13:00,116417.31,116451.43,116397.39,116417.12,384,980,0
2025-08-07 15:14:00,116415.82,116470.8,116407.46,116432.99,372,980,0
2025-08-07 15:15:00,116432.99,116460.64,116374.21,116377.44,425,980,0
2025-08-07 15:16:00,116378.27,116506.22,116377.9,116484.78,350,980,0
2025-08-07 15:17:00,116484.79,116580.99,116482.39,116562.66,393,980,0
2025-08-07 15:18:00,116563.06,116593.43,116550.38,116579.72,383,980,0
2025-08-07 15:19:00,116579.72,116584.74,116542.92,116559.52,360,980,0
2025-08-07 15:20:00,116559.51,116612.13,116545.36,116601.53,376,980,0
2025-08-07 15:21:00,116601.82,116605.76,116567.1,116599.97,394,980,0
2025-08-07 15:22:00,116599.8,116624.0,116566.83,116570.71,362,980,0
2025-08-07 15:23:00,116570.59,116570.59,116512.69,116551.02,376,980,0
2025-08-07 15:24:00,116551.45,116629.6,116550.58,116620.63,387,980,0
2025-08-07 15:25:00,116621.39,116644.98,116558.54,116559.25,434,980,0
2025-08-07 15:26:00,116560.82,116595.9,116556.68,116560.36,382,980,0
2025-08-07 15:27:00,116560.36,116570.75,116446.37,116458.38,407,980,0
2025-08-07 15:28:00,116458.95,116534.52,116456.1,116521.85,384,980,0
2025-08-07 15:29:00,116521.66,116584.18,116508.52,116582.6,418,980,0
2025-08-07 15:30:00,116582.11,116663.14,116575.41,116657.34,373,980,0
2025-08-07 15:31:00,116657.65,116666.8,116585.71,116585.71,380,980,0
2025-08-07 15:32:00,116585.59,116660.87,116572.29,116659.72,377,980,0
2025-08-07 15:33:00,116662.88,116666.76,116614.6,116622.43,341,980,0
2025-08-07 15:34:00,116622.43,116627.7,116560.23,116627.7,432,980,0
2025-08-07 15:35:00,116627.41,116649.87,116585.7,116611.2,355,980,0
2025-08-07 15:36:00,116611.67,116625.87,116558.92,116620.71,390,980,0
2025-08-07 15:37:00,116618.89,116623.56,116540.17,116574.15,356,980,0
2025-08-07 15:38:00,116574.56,116637.65,116568.99,116637.65,400,980,0
2025-08-07 15:39:00,116638.78,116639.0,116591.9,116599.83,385,980,0
2025-08-07 15:40:00,116600.3,116692.87,116599.86,116680.53,422,980,0
2025-08-07 15:41:00,116680.19,116778.79,116666.59,116740.6,432,980,0
2025-08-07 15:42:00,116741.65,116806.45,116723.87,116793.41,413,980,0
2025-08-07 15:43:00,116793.74,116796.31,116763.94,116786.41,387,980,0
2025-08-07 15:44:00,116786.15,116809.41,116774.41,116807.1,411,980,0
2025-08-07 15:45:00,116807.28,116832.8,116788.23,116812.93,421,980,0
2025-08-07 15:46:00,116813.3,116824.65,116728.03,116745.1,439,980,0
2025-08-07 15:47:00,116744.04,116800.11,116742.52,116785.65,429,980,0
2025-08-07 15:48:00,116785.76,116786.32,116693.94,116695.13,415,980,0
2025-08-07 15:49:00,116688.17,116689.88,116639.56,116658.63,340,980,0
2025-08-07 15:50:00,116658.22,116701.29,116644.19,116668.55,383,980,0
2025-08-07 15:51:00,116669.21,116780.17,116665.95,116777.61,378,980,0
2025-08-07 15:52:00,116776.51,116791.25,116761.27,116788.68,368,980,0
2025-08-07 15:53:00,116788.68,116806.72,116777.53,116801.47,401,980,0
2025-08-07 15:54:00,116801.3,116820.56,116775.94,116781.41,397,980,0
2025-08-07 15:55:00,116781.61,116864.32,116760.43,116839.33,395,980,0
2025-08-07 15:56:00,116838.95,116861.07,116776.78,116803.99,402,980,0
2025-08-07 15:57:00,116803.89,116837.47,116783.2,116823.83,350,980,0
2025-08-07 15:58:00,116823.6,116839.31,116781.01,116781.87,346,980,0
2025-08-07 15:59:00,116777.88,116796.48,116735.93,116738.09,367,980,0
2025-08-07 16:00:00,116737.92,116794.67,116732.7,116739.95,403,980,0
2025-08-07 16:01:00,116739.95,116767.59,116690.49,116736.58,399,980,0
2025-08-07 16:02:00,116737.14,116764.54,116676.63,116708.31,415,980,0
2025-08-07 16:03:00,116708.31,116723.95,116663.2,116688.74,380,980,0
2025-08-07 16:04:00,116688.43,116733.0,116682.76,116724.91,435,980,0
2025-08-07 16:05:00,116724.45,116765.74,116711.77,116741.56,421,980,0
2025-08-07 16:06:00,116741.26,116793.57,116736.06,116755.1,422,980,0
2025-08-07 16:07:00,116756.76,116789.59,116750.83,116761.11,409,980,0
2025-08-07 16:08:00,116760.8,116792.25,116758.24,116778.97,404,980,0
2025-08-07 16:09:00,116778.72,116786.26,116665.91,116688.78,391,980,0
2025-08-07 16:10:00,116688.52,116689.38,116567.89,116574.75,442,980,0
2025-08-07 16:11:00,116577.5,116610.64,116565.39,116600.11,375,980,0
2025-08-07 16:12:00,116600.88,116645.92,116594.75,116609.78,380,980,0
2025-08-07 16:13:00,116609.78,116665.89,116609.78,116650.17,400,980,0
2025-08-07 16:14:00,116650.23,116737.86,116645.35,116708.38,398,980,0
2025-08-07 16:15:00,116708.49,116709.04,116670.76,116673.06,383,980,0
2025-08-07 16:16:00,116673.22,116717.2,116671.04,116717.2,364,980,0
2025-08-07 16:17:00,116717.58,116719.24,116645.41,116655.68,394,980,0
2025-08-07 16:18:00,116655.23,116665.94,116599.76,116606.16,401,980,0
2025-08-07 16:19:00,116606.15,116639.13,116589.55,116625.91,376,980,0
2025-08-07 16:20:00,116625.65,116676.45,116625.65,116675.83,410,980,0
2025-08-07 16:21:00,116675.07,116703.96,116645.26,116645.26,394,980,0
2025-08-07 16:22:00,116645.58,116652.46,116625.4,116629.56,420,980,0
2025-08-07 16:23:00,116629.97,116687.35,116629.85,116674.31,375,980,0
2025-08-07 16:24:00,116674.86,116771.54,116668.88,116771.54,424,980,0
2025-08-07 16:25:00,116773.27,116819.24,116753.0,116771.53,405,980,0
2025-08-07 16:26:00,116770.8,116795.64,116763.6,116766.11,368,980,0
2025-08-07 16:27:00,116766.09,116792.8,116740.92,116778.37,376,980,0
2025-08-07 16:28:00,116777.8,116802.41,116759.06,116759.06,392,980,0
2025-08-07 16:29:00,116757.76,116775.18,116725.57,116731.99,379,980,0
2025-08-07 16:30:00,116732.01,116757.71,116692.41,116703.71,422,980,0
2025-08-07 16:31:00,116703.71,116756.95,116684.9,116752.95,385,980,0
2025-08-07 16:32:00,116752.66,116752.66,116694.92,116707.78,360,980,0
2025-08-07 16:33:00,116706.2,116758.32,116697.58,116752.8,385,980,0
2025-08-07 16:34:00,116758.83,116777.29,116749.13,116774.14,376,980,0
2025-08-07 16:35:00,116773.56,116774.65,116752.83,116757.71,389,980,0
2025-08-07 16:36:00,116757.65,116757.98,116673.1,116701.14,378,980,0
2025-08-07 16:37:00,116701.97,116732.26,116630.78,116639.13,383,980,0
2025-08-07 16:38:00,116638.87,116639.62,116564.64,116601.54,354,980,0
2025-08-07 16:39:00,116601.3,116601.3,116568.06,116575.77,338,980,0
2025-08-07 16:40:00,116577.23,116577.72,116496.42,116512.4,430,980,0
2025-08-07 16:41:00,116513.11,116528.62,116363.44,116363.44,410,980,0
2025-08-07 16:42:00,116363.44,116416.77,116335.35,116373.91,347,980,0
2025-08-07 16:43:00,116374.9,116376.72,116243.5,116262.65,388,980,0
2025-08-07 16:44:00,116263.12,116275.71,116118.04,116152.32,390,980,0
2025-08-07 16:45:00,116151.18,116167.73,116088.14,116118.9,402,980,0
2025-08-07 16:46:00,116118.83,116135.22,115749.26,115754.0,438,980,0
2025-08-07 16:47:00,115754.01,115771.14,115651.71,115696.43,380,980,0
2025-08-07 16:48:00,115697.04,116062.29,115697.03,115957.7,420,980,0
2025-08-07 16:49:00,115957.7,116129.5,115952.16,116129.5,440,980,0
2025-08-07 16:50:00,116132.88,116168.03,116044.5,116082.43,381,980,0
2025-08-07 16:51:00,116088.39,116373.0,116086.13,116353.87,469,980,0
2025-08-07 16:52:00,116354.98,116354.98,116197.26,116252.93,417,980,0
2025-08-07 16:53:00,116248.59,116254.37,116116.95,116196.08,385,980,0
2025-08-07 16:54:00,116194.44,116253.92,116145.23,116252.22,380,980,0
2025-08-07 16:55:00,116253.29,116304.97,116217.54,116242.06,442,980,0
2025-08-07 16:56:00,116241.27,116295.47,116219.96,116285.35,423,980,0
2025-08-07 16:57:00,116286.08,116359.2,116281.49,116323.11,391,980,0
2025-08-07 16:58:00,116323.01,116323.19,116257.42,116278.29,385,980,0
2025-08-07 16:59:00,116278.28,116313.29,116256.66,116285.17,389,980,0
2025-08-07 17:00:00,116285.17,116358.24,116285.17,116341.46,401,980,0
2025-08-07 17:01:00,116340.93,116385.83,116329.08,116370.53,420,980,0
2025-08-07 17:02:00,116369.99,116382.12,116193.88,116274.39,443,980,0
2025-08-07 17:03:00,116275.05,116351.68,116273.62,116319.53,396,980,0
2025-08-07 17:04:00,116319.69,116321.0,116247.16,116263.97,443,980,0
2025-08-07 17:05:00,116263.36,116277.94,116182.48,116186.35,382,980,0
2025-08-07 17:06:00,116188.24,116256.01,116139.53,116217.54,403,980,0
2025-08-07 17:07:00,116217.77,116315.64,116197.23,116281.21,374,980,0
2025-08-07 17:08:00,116281.22,116345.04,116174.81,116178.56,402,980,0
2025-08-07 17:09:00,116178.56,116265.2,116174.07,116238.69,385,980,0
2025-08-07 17:10:00,116238.3,116279.02,116187.98,116198.67,359,980,0
2025-08-07 17:11:00,116199.44,116342.6,116194.06,116330.61,423,980,0
2025-08-07 17:12:00,116331.27,116415.28,116323.73,116338.02,388,980,0
2025-08-07 17:13:00,116338.87,116471.91,116337.7,116470.17,409,980,0
2025-08-07 17:14:00,116471.07,116507.45,116412.49,116416.41,348,980,0
2025-08-07 17:15:00,116417.37,116508.36,116393.71,116500.67,367,980,0
2025-08-07 17:16:00,116503.7,116509.58,116396.97,116408.29,413,980,0
2025-08-07 17:17:00,116413.51,116534.44,116413.1,116524.2,416,980,0
2025-08-07 17:18:00,116524.12,116528.14,116372.55,116418.74,405,980,0
2025-08-07 17:19:00,116419.28,116459.56,116415.77,116424.55,401,980,0
2025-08-07 17:20:00,116425.06,116477.74,116415.9,116477.74,363,980,0
2025-08-07 17:21:00,116477.73,116555.71,116456.88,116543.33,382,980,0
2025-08-07 17:22:00,116543.24,116576.92,116487.81,116522.96,405,980,0
2025-08-07 17:23:00,116522.96,116530.95,116475.43,116479.73,348,980,0
2025-08-07 17:24:00,116482.7,116572.84,116482.01,116572.84,373,980,0
2025-08-07 17:25:00,116575.43,116617.42,116511.03,116566.08,348,980,0
2025-08-07 17:26:00,116565.56,116592.31,116522.58,116545.17,380,980,0
2025-08-07 17:27:00,116537.27,116537.27,116432.85,116439.12,418,980,0
2025-08-07 17:28:00,116439.57,116529.43,116435.1,116495.79,348,980,0
2025-08-07 17:29:00,116495.79,116495.79,116423.56,116432.14,382,980,0
2025-08-07 17:30:00,116431.76,116490.86,116414.49,116428.15,361,980,0
2025-08-07 17:31:00,116428.15,116464.51,116386.87,116459.32,376,980,0
2025-08-07 17:32:00,116459.33,116527.1,116459.33,116504.94,393,980,0
2025-08-07 17:33:00,116504.88,116505.53,116435.62,116455.35,378,980,0
2025-08-07 17:34:00,116456.59,116483.25,116394.44,116425.37,376,980,0
2025-08-07 17:35:00,116425.37,116440.82,116369.05,116370.44,386,980,0
2025-08-07 17:36:00,116369.18,116399.19,116324.77,116347.9,364,980,0
2025-08-07 17:37:00,116348.74,116350.58,116213.59,116261.38,391,980,0
2025-08-07 17:38:00,116253.92,116346.75,116253.92,116335.92,386,980,0
2025-08-07 17:39:00,116339.21,116350.27,116297.37,116325.68,364,980,0
2025-08-07 17:40:00,116325.68,116390.41,116317.55,116330.53,406,980,0
2025-08-07 17:41:00,116331.31,116417.76,116327.67,116414.22,414,980,0
2025-08-07 17:42:00,116412.74,116437.44,116351.06,116411.88,402,980,0
2025-08-07 17:43:00,116411.88,116476.17,116391.83,116434.01,391,980,0
2025-08-07 17:44:00,116433.4,116438.44,116384.43,116411.57,378,980,0
2025-08-07 17:45:00,116411.56,116421.51,116365.12,116416.14,383,980,0
2025-08-07 17:46:00,116416.14,116448.15,116394.9,116438.22,383,980,0
2025-08-07 17:47:00,116437.92,116476.63,116427.28,116472.68,341,980,0
2025-08-07 17:48:00,116467.75,116472.85,116422.28,116464.2,375,980,0
2025-08-07 17:49:00,116465.86,116489.59,116448.71,116454.19,385,980,0
2025-08-07 17:50:00,116454.15,116457.76,116384.48,116394.02,365,980,0
2025-08-07 17:51:00,116390.17,116435.27,116383.97,116432.25,378,980,0
2025-08-07 17:52:00,116432.14,116461.01,116399.0,116413.24,349,980,0
2025-08-07 17:53:00,116413.54,116487.85,116409.09,116480.97,369,980,0
2025-08-07 17:54:00,116477.83,116480.81,116466.65,116466.84,37,980,0
